WORD_ID,VOCAB_WORD
0,http
1,use
2,list
3,email
4,get
5,mail
6,one
7,free
8,time
9,work
10,messag
11,make
12,like
13,would
14,peopl
15,inform
16,new
17,receiv
18,pleas
19,address
20,busi
21,click
22,want
23,us
24,need
25,order
26,remov
27,also
28,go
29,send
30,year
31,money
32,file
33,compani
34,system
35,name
36,report
37,wrote
38,way
39,user
40,look
41,site
42,chang
43,state
44,know
45,day
46,program
47,may
48,see
49,call
50,could
51,group
52,even
53,includ
54,think
55,linux
56,first
57,offer
58,take
59,say
60,servic
61,right
62,world
63,tri
64,help
65,find
66,internet
67,market
68,product
69,mani
70,much
71,home
72,softwar
73,web
74,problem
75,said
76,date
77,line
78,spam
79,start
80,check
81,number
82,run
83,good
84,thing
85,link
86,well
87,subject
88,phone
89,interest
90,govern
91,person
92,provid
93,set
94,today
95,come
96,million
97,give
98,best
99,server
100,follow
101,back
102,form
103,rate
104,month
105,everi
106,secur
107,gener
108,price
109,url
110,still
111,comput
112,packag
113,instal
114,avail
115,sent
116,code
117,life
118,commun
119,version
120,read
121,sinc
122,ad
123,grant
124,maintain
125,sponsor
126,thank
127,network
128,credit
129,two
130,differ
131,without
132,made
133,develop
134,within
135,support
136,week
137,write
138,save
139,realli
140,case
141,page
142,subscript
143,someth
144,irish
145,current
146,un
147,anyon
148,last
149,onlin
150,complet
151,sure
152,seem
153,card
154,requir
155,build
156,custom
157,manag
158,never
159,de
160,ilug
161,better
162,window
163,special
164,keep
165,ca
166,point
167,search
168,place
169,per
170,anoth
171,found
172,access
173,actual
174,repli
175,result
176,contact
177,question
178,part
179,base
180,futur
181,listmast
182,issu
183,old
184,put
185,wish
186,next
187,long
188,let
189,countri
190,live
191,must
192,hour
193,end
194,invest
195,easi
196,process
197,mean
198,unsubscrib
199,lot
200,unit
201,great
202,guarante
203,technolog
204,show
205,account
206,got
207,nation
208,might
209,power
210,releas
211,legal
212,cost
213,data
214,allow
215,sourc
216,success
217,news
218,engin
219,possibl
220,trade
221,profession
222,idea
223,post
224,increas
225,pay
226,advertis
227,public
228,ask
229,error
230,open
231,test
232,websit
233,opportun
234,real
235,sell
236,ever
237,less
238,insur
239,respons
240,plan
241,design
242,tell
243,visit
244,creat
245,word
246,buy
247,howev
248,reason
249,prefer
250,heaven
251,effect
252,someon
253,aug
254,cd
255,law
256,sale
257,improv
258,applic
259,instead
260,around
261,fact
262,least
263,box
264,dollar
265,ye
266,rpm
267,american
268,fix
269,job
270,copi
271,probabl
272,simpl
273,origin
274,cours
275,believ
276,contain
277,fax
278,move
279,type
280,happen
281,though
282,friend
283,littl
284,total
285,financi
286,welcom
287,share
288,request
289,add
290,exampl
291,abl
292,els
293,client
294,format
295,perl
296,valu
297,anyth
298,simpli
299,alreadi
300,alway
301,high
302,fill
303,protect
304,full
305,cash
306,mailto
307,feel
308,directori
309,import
310,regard
311,stop
312,bit
313,purchas
314,licens
315,signatur
316,note
317,polici
318,intern
319,experi
320,answer
321,exist
322,return
323,updat
324,past
325,learn
326,famili
327,info
328,top
329,sep
330,geek
331,ship
332,becom
333,age
334,act
335,lead
336,instruct
337,drive
338,small
339,suppli
340,second
341,control
342,member
343,databas
344,thousand
345,low
346,select
347,recent
348,incom
349,featur
350,citi
351,etc
352,stuff
353,limit
354,minut
355,industri
356,yet
357,turn
358,sever
359,done
360,folder
361,appli
362,tool
363,continu
364,understand
365,detail
366,c
367,guid
368,noth
369,everyth
370,step
371,exmh
372,notic
373,oper
374,enough
375,claim
376,big
377,care
378,e
379,sign
380,univers
381,caus
382,letter
383,larg
384,key
385,three
386,hard
387,thinkgeek
388,other
389,connect
390,bill
391,record
392,thu
393,discuss
394,accept
395,term
396,offic
397,specif
398,via
399,pgp
400,option
401,text
402,america
403,play
404,talk
405,mayb
406,deal
407,immedi
408,direct
409,download
410,major
411,seen
412,hope
413,forc
414,subscrib
415,comment
416,kind
417,thought
418,individu
419,decid
420,rule
421,log
422,plu
423,lose
424,natur
425,method
426,matter
427,either
428,true
429,risk
430,yahoo
431,rememb
432,assist
433,content
434,rather
435,quot
436,present
437,mime
438,away
439,r
440,bank
441,wait
442,kernel
443,fund
444,local
445,hand
446,project
447,secret
448,hundr
449,loan
450,level
451,matthia
452,train
453,corpor
454,research
455,consid
456,area
457,razor
458,august
459,book
460,forward
461,addit
462,root
463,stori
464,polit
465,machin
466,benefit
467,target
468,bad
469,standard
470,entir
471,quit
472,war
473,suggest
474,copyright
475,appear
476,document
477,presid
478,global
479,bodi
480,author
481,bug
482,often
483,posit
484,expect
485,center
486,mind
487,human
488,distribut
489,juli
490,septemb
491,grow
492,ago
493,jul
494,hit
495,qualiti
496,size
497,trust
498,partner
499,easili
500,island
501,absolut
502,love
503,agent
504,pm
505,whether
506,activ
507,given
508,join
509,b
510,collect
511,solut
512,involv
513,amount
514,happi
515,fast
516,associ
517,domain
518,charg
519,promot
520,whole
521,man
522,dvd
523,earn
524,sort
525,far
526,later
527,fork
528,parti
529,feder
530,hi
531,submit
532,mortgag
533,upon
534,meet
535,wed
536,potenti
537,refer
538,wrong
539,nice
540,enter
541,tm
542,load
543,econom
544,wonder
545,transact
546,john
547,almost
548,publish
549,singl
550,social
551,discov
552,red
553,reach
554,everyon
555,close
556,view
557,fail
558,pass
559,execut
560,sound
561,privat
562,depend
563,women
564,perform
565,profit
566,broadcast
567,attack
568,newslett
569,automat
570,relat
571,paid
572,statement
573,effort
574,contract
575,delet
576,mark
577,media
578,foreign
579,begin
580,compil
581,sequenc
582,final
583,regist
584,miss
585,spamassassin
586,bush
587,x
588,cell
589,figur
590,stock
591,command
592,handl
593,header
594,similar
595,locat
596,action
597,game
598,display
599,tuesday
600,transfer
601,templ
602,pick
603,wo
604,hat
605,disk
606,produc
607,digit
608,soon
609,event
610,chri
611,known
612,track
613,print
614,articl
615,longer
616,tax
617,function
618,properti
619,pretti
620,mention
621,toner
622,default
623,dear
624,store
625,commiss
626,men
627,debt
628,pc
629,hous
630,oblig
631,upgrad
632,sun
633,microsoft
634,due
635,organ
636,script
637,respect
638,enenkio
639,bulk
640,imag
641,weight
642,administr
643,payment
644,along
645,health
646,daili
647,freedom
648,bonu
649,practic
650,net
651,offici
652,worth
653,half
654,usa
655,capit
656,propos
657,billion
658,cartridg
659,resourc
660,strategi
661,languag
662,anyway
663,late
664,concern
665,platform
666,leav
667,exactli
668,remain
669,street
670,clear
671,assum
672,devic
673,html
674,car
675,came
676,tire
677,ok
678,lost
679,la
680,review
681,ignor
682,tue
683,n
684,head
685,interact
686,respond
687,hear
688,tablet
689,deliv
690,taken
691,independ
692,configur
693,clean
694,perhap
695,bring
696,went
697,compar
698,averag
699,qualifi
700,space
701,fine
702,watch
703,press
704,invok
705,retail
706,recommend
707,expens
708,school
709,short
710,fee
711,fall
712,membership
713,field
714,memori
715,host
716,enabl
717,guess
718,consult
719,huge
720,suit
721,extrem
722,xml
723,edit
724,usual
725,choos
726,common
727,except
728,warn
729,agre
730,advantag
731,en
732,port
733,normal
734,materi
735,region
736,abil
737,educ
738,side
739,basic
740,fri
741,announc
742,cheer
743,drop
744,five
745,le
746,although
747,item
748,dream
749,vulner
750,readi
751,main
752,spend
753,hold
754,growth
755,paper
756,guy
757,replac
758,confidenti
759,win
760,model
761,electron
762,left
763,told
764,face
765,studi
766,unseen
767,interfac
768,altern
769,reserv
770,mon
771,loss
772,safe
773,intend
774,accord
775,kingdom
776,choic
777,approv
778,implement
779,oz
780,id
781,histori
782,multipl
783,commerci
784,rest
785,situat
786,moment
787,extra
788,combin
789,togeth
790,investig
791,employ
792,quick
793,insid
794,section
795,chanc
796,initi
797,coupl
798,purpos
799,pictur
800,confirm
801,advanc
802,msg
803,goe
804,unless
805,court
806,util
807,j
808,break
809,monday
810,avoid
811,across
812,burn
813,particular
814,object
815,fals
816,energi
817,score
818,express
819,societi
820,india
821,male
822,video
823,et
824,indic
825,owner
826,took
827,count
828,sens
829,p
830,speed
831,agenc
832,filter
833,correct
834,directli
835,procedur
836,variou
837,profil
838,anywher
839,period
840,cut
841,black
842,gpl
843,seek
844,match
845,uniqu
846,especi
847,ventur
848,four
849,die
850,kevin
851,consum
852,spammer
853,investor
854,sex
855,whatev
856,behalf
857,piec
858,certain
859,adam
860,explain
861,knowledg
862,class
863,color
864,popul
865,setup
866,remot
867,oh
868,gain
869,latest
870,tip
871,unison
872,atol
873,dagga
874,militari
875,block
876,ftp
877,unix
878,gari
879,marshal
880,south
881,googl
882,lawrenc
883,patch
884,tv
885,switch
886,team
887,smoke
888,establish
889,valuabl
890,aaaaaaaaaaaaaaaaaaaaaaaaaaaaaaaaaaaaaaaaaaaaaaaaaaaaaaaaaaaaaaaaaaaaaaaaaaaa
891,java
892,imagin
893,shop
894,ragga
895,integr
896,prevent
897,robert
898,attempt
899,prepar
900,third
901,boot
902,folk
903,particip
904,will
905,privaci
906,sometim
907,heard
908,manual
909,necessari
910,hardwar
911,saou
912,screen
913,tag
914,york
915,congress
916,reduc
917,sorri
918,certainli
919,fastest
920,bottl
921,china
922,sa
923,stand
924,enjoy
925,valid
926,depart
927,suppos
928,backup
929,night
930,obtain
931,alb
932,goal
933,driver
934,regul
935,cover
936,mass
937,seriou
938,path
939,competit
940,botan
941,capabl
942,lower
943,amaz
944,fulli
945,speak
946,land
947,promis
948,h
949,medic
950,poor
951,lowest
952,extend
953,apolog
954,traffic
955,introduc
956,deathtospamdeathtospamdeathtospam
957,scienc
958,describ
959,movi
960,defin
961,troubl
962,paul
963,titl
964,film
965,neg
966,exchang
967,cv
968,easier
969,wireless
970,rang
971,sender
972,decis
973,osdn
974,os
975,f
976,technic
977,death
978,approach
979,murphi
980,predict
981,six
982,commit
983,redhat
984,beberg
985,fortun
986,fat
987,written
988,quickli
989,white
990,telephon
991,earli
992,king
993,sold
994,worri
995,kill
996,im
997,michael
998,music
999,uk
1000,firm
1001,apt
1002,mobil
1003,ham
1004,judgment
1005,seventh
1006,opinion
1007,premium
1008,attach
1009,ensur
1010,desir
1011,economi
1012,north
1013,librari
1014,faster
1015,player
1016,definit
1017,adult
1018,argument
1019,achiev
1020,appar
1021,archiv
1022,father
1023,separ
1024,bar
1025,button
1026,techniqu
1027,enterpris
1028,travel
1029,demand
1030,cooper
1031,threat
1032,board
1033,deserv
1034,browser
1035,hello
1036,condit
1037,anim
1038,modul
1039,outsid
1040,david
1041,attent
1042,enhanc
1043,terrorist
1044,elimin
1045,dave
1046,estat
1047,wide
1048,stay
1049,cabl
1050,determin
1051,repres
1052,virtual
1053,wall
1054,children
1055,expert
1056,drug
1057,pain
1058,held
1059,gnupg
1060,monthli
1061,declar
1062,modifi
1063,environ
1064,washington
1065,sincer
1066,fun
1067,danger
1068,permiss
1069,signific
1070,confid
1071,relev
1072,g
1073,iii
1074,l
1075,w
1076,diet
1077,canada
1078,rich
1079,kid
1080,sum
1081,programm
1082,cat
1083,cc
1084,exclus
1085,equip
1086,air
1087,none
1088,forev
1089,proven
1090,popular
1091,bottom
1092,bitbitch
1093,excel
1094,justin
1095,paragraph
1096,expand
1097,usd
1098,central
1099,centuri
1100,friday
1101,string
1102,factor
1103,sexual
1104,skip
1105,identifi
1106,near
1107,challeng
1108,relationship
1109,anybodi
1110,monitor
1111,excit
1112,appreci
1113,asset
1114,behind
1115,terror
1116,director
1117,toward
1118,exercis
1119,confer
1120,citizen
1121,unsolicit
1122,girl
1123,discoveri
1124,rais
1125,progress
1126,whose
1127,perfect
1128,rh
1129,defens
1130,among
1131,west
1132,road
1133,fit
1134,hettinga
1135,rel
1136,thread
1137,sampl
1138,difficult
1139,spain
1140,lender
1141,entri
1142,photo
1143,partit
1144,intellig
1145,colleg
1146,illeg
1147,chief
1148,william
1149,strong
1150,octob
1151,confus
1152,earth
1153,acquir
1154,tie
1155,solv
1156,reader
1157,serv
1158,seri
1159,smart
1160,verifi
1161,measur
1162,tree
1163,largest
1164,european
1165,fair
1166,stupid
1167,refin
1168,instant
1169,mode
1170,san
1171,extract
1172,french
1173,regular
1174,sweet
1175,peac
1176,equival
1177,built
1178,laptop
1179,slow
1180,lock
1181,oct
1182,conveni
1183,procmail
1184,resid
1185,mac
1186,reliabl
1187,dead
1188,categori
1189,brian
1190,tradit
1191,suse
1192,datapow
1193,inlin
1194,front
1195,tim
1196,warranti
1197,africa
1198,graphic
1199,voic
1200,cach
1201,ident
1202,deliveri
1203,europ
1204,leader
1205,capillari
1206,femal
1207,annuiti
1208,ten
1209,emerg
1210,evid
1211,pattern
1212,useless
1213,realiz
1214,art
1215,occur
1216,compat
1217,desktop
1218,gnu
1219,statu
1220,fire
1221,campaign
1222,young
1223,gift
1224,cultur
1225,abus
1226,therefor
1227,higher
1228,previous
1229,physic
1230,concept
1231,revenu
1232,satellit
1233,herba
1234,institut
1235,brand
1236,june
1237,thursday
1238,aid
1239,walk
1240,deposit
1241,launch
1242,inde
1243,convers
1244,contribut
1245,nigeria
1246,doubt
1247,ms
1248,concentr
1249,roll
1250,otherwis
1251,degre
1252,unlimit
1253,weapon
1254,compet
1255,repositori
1256,echo
1257,yeah
1258,background
1259,pacif
1260,forget
1261,former
1262,classifi
1263,arriv
1264,indian
1265,honor
1266,affili
1267,carri
1268,conflict
1269,wife
1270,recipi
1271,fight
1272,listen
1273,critic
1274,token
1275,app
1276,password
1277,storag
1278,extens
1279,tech
1280,unfortun
1281,percent
1282,surpris
1283,discount
1284,powel
1285,isp
1286,sat
1287,hot
1288,civil
1289,succeed
1290,effici
1291,hermio
1292,water
1293,assur
1294,basi
1295,detect
1296,jabber
1297,output
1298,printer
1299,sit
1300,panel
1301,sleep
1302,intro
1303,substanti
1304,alsa
1305,garrigu
1306,proprietari
1307,attract
1308,catch
1309,light
1310,menu
1311,jm
1312,mine
1313,ip
1314,tabl
1315,descript
1316,worldwid
1317,scan
1318,enemi
1319,inc
1320,revers
1321,truth
1322,pudg
1323,kept
1324,advic
1325,joe
1326,pull
1327,disabl
1328,god
1329,index
1330,v
1331,wednesday
1332,gone
1333,agreement
1334,analysi
1335,patent
1336,vendor
1337,structur
1338,euro
1339,seven
1340,manufactur
1341,nobodi
1342,specifi
1343,lack
1344,cool
1345,jame
1346,saw
1347,vote
1348,alon
1349,balanc
1350,teach
1351,franc
1352,decad
1353,k
1354,california
1355,boston
1356,obvious
1357,awar
1358,editor
1359,charact
1360,whitelist
1361,wast
1362,gold
1363,zip
1364,treat
1365,room
1366,polic
1367,construct
1368,innov
1369,theori
1370,insert
1371,tom
1372,temperatur
1373,u
1374,highli
1375,trick
1376,journal
1377,career
1378,ga
1379,financ
1380,clue
1381,morn
1382,ultim
1383,flag
1384,encourag
1385,gcc
1386,incred
1387,middl
1388,spec
1389,impress
1390,constitut
1391,son
1392,touch
1393,greater
1394,int
1395,afford
1396,ebay
1397,peni
1398,attorney
1399,anymor
1400,usag
1401,cent
1402,brain
1403,correspond
1404,annual
1405,greg
1406,previou
1407,larger
1408,summari
1409,master
1410,input
1411,hp
1412,trial
1413,dan
1414,mechan
1415,wake
1416,blank
1417,blood
1418,jim
1419,cbyi
1420,urgent
1421,suffer
1422,stream
1423,mike
1424,democrat
1425,el
1426,mother
1427,boy
1428,hate
1429,pound
1430,advis
1431,focu
1432,perman
1433,cheap
1434,underwrit
1435,flow
1436,skeptic
1437,suspect
1438,php
1439,star
1440,judg
1441,smtp
1442,mostli
1443,particularli
1444,varieti
1445,speech
1446,dynam
1447,delay
1448,wealth
1449,obviou
1450,percentag
1451,behavior
1452,vacat
1453,mistak
1454,instanc
1455,toni
1456,destruct
1457,keyboard
1458,eye
1459,binari
1460,dark
1461,republ
1462,earlier
1463,warm
1464,comfort
1465,super
1466,laserjet
1467,rick
1468,termin
1469,affect
1470,channel
1471,telecom
1472,reveal
1473,ban
1474,firewal
1475,mailer
1476,woman
1477,rock
1478,ireland
1479,motiv
1480,heart
1481,char
1482,rss
1483,arm
1484,tend
1485,se
1486,consolid
1487,knew
1488,steve
1489,english
1490,essenti
1491,principl
1492,consist
1493,btw
1494,prospect
1495,skill
1496,recogn
1497,floppi
1498,vipul
1499,alli
1500,domest
1501,lawyer
1502,pack
1503,style
1504,beta
1505,highlight
1506,estim
1507,core
1508,prompt
1509,wing
1510,invit
1511,pipe
1512,eventu
1513,lifetim
1514,somewher
1515,nearli
1516,unlik
1517,defend
1518,magazin
1519,bonus
1520,gnome
1521,dell
1522,opt
1523,planta
1524,sensit
1525,staff
1526,task
1527,beat
1528,comprehens
1529,vehicl
1530,fl
1531,ftoc
1532,role
1533,eat
1534,pocket
1535,modern
1536,audio
1537,march
1538,python
1539,hair
1540,dn
1541,ground
1542,despit
1543,food
1544,histor
1545,teledynam
1546,biggest
1547,restor
1548,modem
1549,roman
1550,map
1551,clearli
1552,babi
1553,revis
1554,eval
1555,strongli
1556,picasso
1557,strength
1558,complianc
1559,suck
1560,bind
1561,favor
1562,impact
1563,commentari
1564,convert
1565,fresh
1566,exploit
1567,mlm
1568,dragon
1569,senior
1570,minimum
1571,peter
1572,interview
1573,british
1574,met
1575,config
1576,coverag
1577,conserv
1578,shown
1579,font
1580,beyond
1581,instantli
1582,stabl
1583,failur
1584,mailbox
1585,protocol
1586,texa
1587,equal
1588,dont
1589,permit
1590,truli
1591,spot
1592,everybodi
1593,mile
1594,employe
1595,gave
1596,liber
1597,signal
1598,tape
1599,visa
1600,tx
1601,brought
1602,auto
1603,typic
1604,optim
1605,reli
1606,synchron
1607,consider
1608,q
1609,led
1610,variabl
1611,draw
1612,showcas
1613,proper
1614,al
1615,startup
1616,geeg
1617,chines
1618,crash
1619,dial
1620,worst
1621,expir
1622,exact
1623,calcul
1624,distanc
1625,revok
1626,translat
1627,evil
1628,stylu
1629,hidden
1630,finish
1631,boss
1632,broker
1633,prove
1634,extern
1635,plant
1636,neighbor
1637,spent
1638,crimin
1639,yesterday
1640,annoy
1641,imposs
1642,favorit
1643,acknowledg
1644,bearer
1645,netscap
1646,foundat
1647,retriev
1648,artist
1649,rare
1650,bigger
1651,repair
1652,pop
1653,strang
1654,ran
1655,feet
1656,sole
1657,sir
1658,z
1659,serious
1660,rebuild
1661,autom
1662,edward
1663,rob
1664,doctor
1665,beauti
1666,properli
1667,evalu
1668,somebodi
1669,equiti
1670,guidelin
1671,scientist
1672,hack
1673,safeti
1674,poverti
1675,sport
1676,hell
1677,planet
1678,portion
1679,england
1680,antiqu
1681,bell
1682,gentl
1683,summer
1684,explor
1685,strip
1686,minor
1687,scheme
1688,station
1689,hire
1690,restrict
1691,chicago
1692,sunday
1693,push
1694,climat
1695,iiu
1696,correctli
1697,prescript
1698,lie
1699,hotel
1700,spread
1701,ii
1702,shape
1703,vou
1704,epson
1705,becam
1706,student
1707,currenc
1708,lo
1709,headlin
1710,entertain
1711,mount
1712,fundament
1713,threaten
1714,diseas
1715,para
1716,jump
1717,recruit
1718,primari
1719,seed
1720,radio
1721,architectur
1722,recal
1723,protest
1724,spamd
1725,husband
1726,laser
1727,merchant
1728,herb
1729,resum
1730,craig
1731,damag
1732,proxi
1733,happier
1734,hang
1735,mainten
1736,disclaim
1737,van
1738,doubl
1739,settlement
1740,feroc
1741,corpu
1742,sendmail
1743,stick
1744,muscl
1745,buyer
1746,remedi
1747,plug
1748,viagra
1749,exit
1750,vast
1751,prioriti
1752,georg
1753,laugh
1754,somehow
1755,moor
1756,reg
1757,faith
1758,prior
1759,hall
1760,western
1761,creativ
1762,feedback
1763,camera
1764,ssh
1765,ticket
1766,wors
1767,luck
1768,disappear
1769,fantasi
1770,angl
1771,green
1772,dozen
1773,pour
1774,tel
1775,feed
1776,symbol
1777,supplement
1778,aspect
1779,batteri
1780,realiti
1781,norton
1782,seminar
1783,kathmandu
1784,oil
1785,broken
1786,bother
1787,usb
1788,reject
1789,anonym
1790,hormon
1791,child
1792,eugen
1793,entrepreneur
1794,perfectli
1795,shot
1796,acceler
1797,substanc
1798,allianc
1799,convent
1800,arrang
1801,shall
1802,authent
1803,argu
1804,doc
1805,democraci
1806,encrypt
1807,appeal
1808,committe
1809,statist
1810,random
1811,slightli
1812,phrase
1813,park
1814,funni
1815,observ
1816,neither
1817,legitim
1818,mozilla
1819,shock
1820,serial
1821,convinc
1822,sponsorship
1823,à
1824,strictli
1825,highest
1826,queri
1827,east
1828,solari
1829,meant
1830,auction
1831,resolv
1832,edificio
1833,refund
1834,ie
1835,edg
1836,barcelona
1837,merg
1838,award
1839,door
1840,frame
1841,electr
1842,empir
1843,appropri
1844,nort
1845,parent
1846,fear
1847,union
1848,daniel
1849,tomorrow
1850,aphrodisia
1851,bear
1852,postal
1853,capac
1854,survey
1855,surviv
1856,pressur
1857,volum
1858,stabil
1859,kelli
1860,damn
1861,lesson
1862,hunt
1863,hey
1864,carrier
1865,smaller
1866,repeat
1867,owen
1868,amend
1869,declin
1870,arrest
1871,bought
1872,twice
1873,herbal
1874,trip
1875,strike
1876,virus
1877,banner
1878,aggress
1879,alter
1880,weekend
1881,mr
1882,te
1883,fairli
1884,odd
1885,mason
1886,pablo
1887,farquhar
1888,compon
1889,prosaka
1890,inbox
1891,complain
1892,promiscu
1893,easiest
1894,exclud
1895,race
1896,zero
1897,welch
1898,appl
1899,licenc
1900,ah
1901,violat
1902,testimoni
1903,harm
1904,gmt
1905,winner
1906,cancel
1907,nt
1908,januari
1909,duplic
1910,cold
1911,bandwidth
1912,md
1913,scam
1914,mh
1915,nativ
1916,viru
1917,honest
1918,reduct
1919,audienc
1920,presum
1921,farm
1922,algorithm
1923,deni
1924,genet
1925,ratio
1926,debian
1927,vari
1928,hmm
1929,bunch
1930,spray
1931,blog
1932,round
1933,formula
1934,label
1935,tab
1936,brief
1937,gay
1938,elsewher
1939,partnership
1940,precis
1941,possess
1942,sea
1943,iraq
1944,mirror
1945,compens
1946,vjestika
1947,martin
1948,austin
1949,analyst
1950,bankruptci
1951,split
1952,â
1953,reboot
1954,renew
1955,approxim
1956,pill
1957,gibbon
1958,processor
1959,deploy
1960,invent
1961,roger
1962,blue
1963,gordon
1964,club
1965,weekli
1966,porn
1967,grand
1968,plugin
1969,dramat
1970,massiv
1971,envelop
1972,reward
1973,buffer
1974,lift
1975,saturday
1976,mous
1977,msgid
1978,fuck
1979,ps
1980,writer
1981,religion
1982,aol
1983,collabor
1984,cancer
1985,infrastructur
1986,flash
1987,engag
1988,inconveni
1989,agreeabl
1990,rohit
1991,anytim
1992,inspir
1993,that
1994,apart
1995,complex
1996,environment
1997,prohibit
1998,ibm
1999,empti
2000,adopt
2001,retir
2002,dig
2003,millionair
2004,sm
2005,nvidia
2006,plenti
2007,northern
2008,assembl
2009,schedul
2010,justic
2011,conduct
2012,cycl
2013,satisfi
2014,thoma
2015,length
2016,ministri
2017,shell
2018,solicit
2019,harley
2020,african
2021,bound
2022,self
2023,experienc
2024,encount
2025,enforc
2026,farmer
2027,mere
2028,excess
2029,onto
2030,duncan
2031,img
2032,rose
2033,acquisit
2034,rout
2035,clock
2036,candid
2037,began
2038,swap
2039,henc
2040,own
2041,distro
2042,deep
2043,grab
2044,conclud
2045,scale
2046,transform
2047,domin
2048,homeown
2049,straight
2050,russian
2051,evolv
2052,newspap
2053,guido
2054,televis
2055,london
2056,demonstr
2057,kate
2058,minim
2059,registr
2060,elect
2061,prosper
2062,attend
2063,famou
2064,pointer
2065,liter
2066,wholesal
2067,rank
2068,receipt
2069,preserv
2070,mix
2071,niall
2072,buck
2073,colleagu
2074,oppos
2075,lawsuit
2076,glad
2077,wave
2078,hors
2079,chat
2080,christian
2081,unabl
2082,toll
2083,boost
2084,context
2085,throw
2086,murder
2087,attain
2088,entiti
2089,remark
2090,corrupt
2091,blame
2092,religi
2093,valhalla
2094,da
2095,loop
2096,assert
2097,crime
2098,routin
2099,resel
2100,co
2101,skin
2102,russia
2103,webmast
2104,moral
2105,destroy
2106,icq
2107,habea
2108,mathemat
2109,passphras
2110,glm
2111,abacha
2112,proof
2113,paypal
2114,scientif
2115,vircio
2116,tune
2117,replica
2118,accur
2119,inkjet
2120,forest
2121,numer
2122,tast
2123,marshalles
2124,asia
2125,newsgroup
2126,brent
2127,rise
2128,joseph
2129,null
2130,victim
2131,heavi
2132,sheet
2133,hash
2134,chart
2135,mountain
2136,hint
2137,bless
2138,formal
2139,column
2140,song
2141,yield
2142,bu
2143,brother
2144,visitor
2145,jar
2146,na
2147,yellow
2148,po
2149,ben
2150,throughout
2151,embed
2152,regardless
2153,frequent
2154,amateur
2155,town
2156,freebsd
2157,labor
2158,logic
2159,bay
2160,pro
2161,remind
2162,aim
2163,incompat
2164,limbo
2165,pure
2166,classic
2167,branch
2168,mess
2169,trace
2170,chip
2171,consequ
2172,crap
2173,il
2174,worker
2175,exceed
2176,prize
2177,opposit
2178,export
2179,violenc
2180,dog
2181,spamtrap
2182,focus
2183,coast
2184,est
2185,pars
2186,smoker
2187,topic
2188,ladi
2189,joke
2190,syntax
2191,gambl
2192,adapt
2193,imho
2194,exhibit
2195,satisfact
2196,spirit
2197,negoti
2198,decemb
2199,assign
2200,felt
2201,privileg
2202,drink
2203,que
2204,pa
2205,lib
2206,byte
2207,battl
2208,stage
2209,complic
2210,stamp
2211,batch
2212,appoint
2213,tremend
2214,circumst
2215,fan
2216,vice
2217,specialist
2218,cheaper
2219,incorpor
2220,pursu
2221,airlin
2222,goto
2223,admit
2224,gather
2225,loos
2226,compress
2227,intel
2228,moder
2229,okay
2230,keyword
2231,lover
2232,entitl
2233,riaa
2234,jodi
2235,sophist
2236,older
2237,chairman
2238,unwant
2239,trivial
2240,affair
2241,unknown
2242,caught
2243,strengthen
2244,compel
2245,dublin
2246,sur
2247,kit
2248,liberti
2249,alan
2250,bet
2251,alert
2252,florida
2253,struggl
2254,truck
2255,ui
2256,boundari
2257,mastercard
2258,belief
2259,owe
2260,transmiss
2261,muslim
2262,trend
2263,surfac
2264,ideal
2265,margin
2266,ved
2267,airport
2268,penni
2269,ahead
2270,australia
2271,wear
2272,album
2273,sector
2274,pioneer
2275,britain
2276,disclosur
2277,hole
2278,ownership
2279,majesti
2280,relay
2281,dice
2282,pickl
2283,ice
2284,scott
2285,assumpt
2286,weak
2287,encod
2288,palestinian
2289,weather
2290,refus
2291,adjust
2292,mplayer
2293,maximum
2294,lay
2295,stephen
2296,tin
2297,dump
2298,msn
2299,wa
2300,jack
2301,outlook
2302,suffici
2303,stress
2304,marri
2305,overal
2306,maker
2307,timeout
2308,reform
2309,raw
2310,hawaii
2311,chain
2312,debug
2313,sentenc
2314,egg
2315,captur
2316,influenc
2317,wealthi
2318,curv
2319,ne
2320,propag
2321,schuman
2322,portabl
2323,magic
2324,endeavor
2325,trademark
2326,patrick
2327,crack
2328,heck
2329,admin
2330,silli
2331,dinosaur
2332,whatsoev
2333,vision
2334,holiday
2335,submiss
2336,lilo
2337,session
2338,shout
2339,frustrat
2340,mandat
2341,depress
2342,ou
2343,finger
2344,spring
2345,catalog
2346,retain
2347,explan
2348,weird
2349,astronom
2350,francisco
2351,mysql
2352,api
2353,movement
2354,intellectu
2355,virginia
2356,besid
2357,hospit
2358,hacker
2359,ar
2360,randomli
2361,tower
2362,unusu
2363,rah
2364,ethic
2365,outstand
2366,settl
2367,corner
2368,spambay
2369,bone
2370,speaker
2371,bomb
2372,casino
2373,rapidli
2374,circl
2375,buri
2376,ram
2377,latter
2378,scratch
2379,fli
2380,belong
2381,gpg
2382,minist
2383,inexpens
2384,formul
2385,theme
2386,celebr
2387,abandon
2388,preced
2389,germani
2390,proceed
2391,constant
2392,du
2393,ce
2394,ir
2395,twenti
2396,recognit
2397,ez
2398,prob
2399,plane
2400,necessarili
2401,igtt
2402,jeremi
2403,expos
2404,intent
2405,snore
2406,thirti
2407,fuel
2408,xxx
2409,tivo
2410,scholarship
2411,pentium
2412,lean
2413,ton
2414,organis
2415,iroijlaplap
2416,joint
2417,greatest
2418,openssl
2419,es
2420,draft
2421,richard
2422,element
2423,relax
2424,hide
2425,armi
2426,conclus
2427,bsd
2428,season
2429,jurisdict
2430,wild
2431,dr
2432,harvest
2433,greet
2434,maxim
2435,marriag
2436,japan
2437,framework
2438,une
2439,openssh
2440,recov
2441,german
2442,arg
2443,forum
2444,fp
2445,tweak
2446,angel
2447,anthoni
2448,advisor
2449,council
2450,elig
2451,murjel
2452,notifi
2453,asian
2454,con
2455,distributor
2456,zone
2457,hook
2458,till
2459,subsequ
2460,burner
2461,crazi
2462,ximian
2463,fashion
2464,rm
2465,tobacco
2466,bob
2467,maxaman
2468,milter
2469,flight
2470,boom
2471,magnitud
2472,everywher
2473,layer
2474,shoot
2475,render
2476,scenario
2477,pci
2478,ratak
2479,freez
2480,bond
2481,trader
2482,raid
2483,potent
2484,pleasur
2485,mutual
2486,invalid
2487,leas
2488,dedic
2489,telecommun
2490,capitalist
2491,quarter
2492,scope
2493,contest
2494,decreas
2495,commerc
2496,analog
2497,liquid
2498,chosen
2499,cloth
